{"accuracy": [0.8027229309082031, 0.8707964420318604, 0.8728386759757996, 0.8778761029243469, 0.8827773928642273, 0.895439088344574, 0.8984342813491821, 0.904833197593689, 0.9070115685462952, 0.9143635034561157, 0.9198094010353088, 0.921987771987915, 0.9349217414855957, 0.9330156445503235, 0.9366916418075562], "loss": [0.36681753396987915, 0.27629348635673523, 0.26717206835746765, 0.2638123035430908, 0.2559945583343506, 0.2377689629793167, 0.2341977059841156, 0.2225596010684967, 0.20987313985824585, 0.20208612084388733, 0.19205020368099213, 0.18198904395103455, 0.15862959623336792, 0.1561957597732544, 0.14290940761566162], "val_accuracy": [0.8600980043411255, 0.8709853291511536, 0.8726183772087097, 0.8639085292816162, 0.8856831789016724, 0.8884050250053406, 0.9047359824180603, 0.9069134593009949, 0.9080021977424622, 0.9156233072280884, 0.92106693983078, 0.9281437397003174, 0.9254218935966492, 0.9373979568481445, 0.9292324185371399], "val_loss": [0.28870639204978943, 0.2676897644996643, 0.26182153820991516, 0.2827208936214447, 0.24920830130577087, 0.24307852983474731, 0.23077978193759918, 0.21971528232097626, 0.21357546746730804, 0.19611896574497223, 0.1913931965827942, 0.17498935759067535, 0.19174019992351532, 0.16567835211753845, 0.17316536605358124]}